{"cameraMode":{"drawMode":0,"name":"Shaded","section":"Shading Mode"},"sceneLighting":true,"audioPlay":false,"sceneViewState":{"m_AlwaysRefresh":false,"showFog":true,"showSkybox":true,"showFlares":true,"showImageEffects":true,"showParticleSystems":true,"showVisualEffectGraphs":true,"m_FxEnabled":true},"in2DMode":false,"pivot":{"x":3.3497722148895265,"y":-1.5691351890563965,"z":0.23772931098937989},"rotation":{"x":-0.0048444331623613838,"y":0.8301858901977539,"z":0.007214684505015612,"w":0.5574218034744263},"size":3.4462790489196779,"orthographic":false}