{"cameraMode":{"drawMode":0,"name":"Shaded","section":"Shading Mode"},"sceneLighting":false,"audioPlay":false,"sceneViewState":{"m_AlwaysRefresh":false,"showFog":true,"showSkybox":false,"showFlares":true,"showImageEffects":true,"showParticleSystems":true,"showVisualEffectGraphs":true,"m_FxEnabled":true},"in2DMode":false,"pivot":{"x":-0.007134437561035156,"y":-1.5999994277954102,"z":-0.4044485092163086},"rotation":{"x":-0.04982638359069824,"y":0.6761181354522705,"z":-0.04591777175664902,"w":-0.7336708903312683},"size":20.823692321777345,"orthographic":false}